ADDRESS,CITY
US Hwy 78,Adamsville
US Hwy 78,Adamsville
US Hwy 78,Adamsville
3980 Veterans Memorial Drive,Adamsville
Allen St & Peach Avenue ,Adamsville
180 Airview Lane,Alabaster
501 Industrial Road,Alabaster
113 Simmsville Road,Alabaster
101 Total Solutions Way ,Alabaster
1000 1st St N ,Alabaster
1000 1st St N ,Alabaster
100 Airview Lane ,Alabaster
,Alabaster
509 Hwy 119,Alabaster
1022 1st Street North,Alabaster
1022 1st Street North,Alabaster
224 1st Street North,Alabaster
Hickory Lane,Alabaster
306 5th Avenue SE ,Alabaster
Cloverdale Dr,Alabaster
1123 1st Street North,Alabaster
224 1st Street North,Alabaster
1022 1st Street North,Alabaster
501 Industrial Road,Alabaster
408 1st St N,Alabaster
1010 1st St N ,Alabaster
1010 1st St N ,Alabaster
1010 1st St N ,Alabaster
1010 1st St N ,Alabaster
1840 Corporate Woods Drive,Alabaster
212 Total Solutions Way,Alabaster
Fox Valley,Alabaster
Industrial Rd,Alabaster
109 Airpark Industrial Rd,Alabaster
2070 Corporate Woods Drive,Alabaster
9301 Highway 119,Alabaster
257 Country Club Rd,Albertville
,Albertville
Mt. Vernon Rd,Albertville
1292 Wagner Drive,Albertville
1292 Wagner Drive,Albertville
Phillips Dr,Albertville
61 Jefferson St,Alexander City
2481 Airport Blvd,Alexander City
2481 Airport Blvd ,Alexander City
2481 Airport Blvd ,Alexander City
1413 MLK Jr. Expressway,Andalusia
129 W 7th St,Anniston
7 Frankford Avenue,Anniston
7 Frankford Avenue,Anniston
7 Frankford Avenue,Anniston
7 Frankford Avenue,Anniston
7 Frankford Avenue,Anniston
7 Frankford Avenue,Anniston
7 Frankford Avenue,Anniston
7 Frankford Avenue,Anniston
7 Frankford Avenue,Anniston
7 Frankford Avenue,Anniston
7 Frankford Avenue,Anniston
7 Frankford Avenue,Anniston
7 Frankford Avenue,Anniston
7 Frankford Avenue,Anniston
7 Frankford Avenue,Anniston
7 Frankford Avenue,Anniston
800 Museum Dr ,Anniston
1522 ITC Way,Anniston
1702 Noble Street,Anniston
Williamson Commerce Center 801 Noble Street,Anniston
25 W 11th St  ,Anniston
331 E St,Anniston
Williamson Commerce Center 801 Noble Street,Anniston
3917 Red Morris Pkwy ,Anniston
901 Leighton Ave #601,Anniston
Williamson Commerce Center 801 Noble Street,Anniston
35 Fish Hatchery Lane,Anniston
851 Morton Rd,Anniston
104 National Dr,Anniston
1510 S Quintard Avenue,Anniston
1023 Fort McClellan,Anniston
1 Cliff Garrett Dr,Anniston
1 Cliff Garrett Dr,Anniston
1 Cliff Garrett Dr,Anniston
1 Cliff Garrett Dr,Anniston
1 Cliff Garrett Dr,Anniston
1 Cliff Garrett Dr,Anniston
1 Cliff Garrett Dr,Anniston
Williamson Commerce Center 801 Noble Street,Anniston
1701 S Quintard Ave,Anniston
Williamson Commerce Center 801 Noble Street,Anniston
Coleman Rd,Anniston
1608 Frank Akers Rd,Anniston
1608 Frank Akers Rd,Anniston
3100 McClellan Blvd,Anniston
3100 McClellan Blvd,Anniston
117 S Quintard,Anniston
Trane Industrial Park,Anniston
400 E 10th St,Anniston
30 Alan Dr,Anniston
Quintard Avenue & P St,Anniston
4444 Al Hwy 9 ,Anniston
100 National Dr,Anniston
100 National Dr,Anniston
A.A.D. Bldg 680,Anniston
Williamson Commerce Center 801 Noble Street,Anniston
1000 W. 18th St,Anniston
17 S Hunter St,Anniston
17 S Hunter St,Anniston
4400 Sprague Ave ,Anniston
,Anniston
Williamson Commerce Center 801 Noble Street,Anniston
Greenbrier Rd,Anniston
800 Quintard Ave,Anniston
100 National Dr,Anniston
100 National Dr,Anniston
Williamson Commerce Center 801 Noble Street,Anniston
Williamson Commerce Center 801 Noble Street,Anniston
Williamson Commerce Center 801 Noble Street,Anniston
Williamson Commerce Center 801 Noble Street,Anniston
Williamson Commerce Center 801 Noble Street,Anniston
790 North Brindlee Mountain Parkway,Arab
100 Curt Francis Road,Arab
100 Curt Francis Road,Arab
1600 Hulaco Rd,Arab
38669 AL-77 ,Ashland 
38669 AL-77 ,Ashland 
38669 AL-77 ,Ashland 
38669 AL-77 ,Ashland 
603 US Highway 72,Athens
111 US Hwy 72,Athens 
100 US-31 N ,Athens 
700 Market Street W,Athens 
1007 Market St,Athens 
114 Pryor St W,Athens 
677 W Covington Avenue ,Attalla
677 W Covington Avenue ,Attalla
1500 Wire Rd,Auburn
,Auburn
1550 Opelika Road,Auburn
1550 Opelika Road,Auburn
1550 Opelika Road,Auburn
2031 S College St,Auburn
985 9th Avenue SW,Bessemer
985 9th Avenue SW,Bessemer
985 9th Avenue SW,Bessemer
2229 Bessemer Road,Birmingham
4760 Eastern Valley Rd ,McCalla
1816 6th Avenue ,Bessemer
6324 Bay Dr,Bessemer
6324 Bay Dr,Bessemer
6324 Bay Dr,Bessemer
700 19th St N,Bessemer
715 9th Avenue North,Bessemer
715 9th Avenue North,Bessemer
1001 W Lake Mall,Bessemer
1001 W Lake Mall,Bessemer
Greenwood Exchange ,Bessemer
Bessemer Super Hwy,Bessemer
150 Business Park,Bessemer
3430 Bessemer Super Hwy,Brighton
Morgan Rd,Bessemer
Permeter Park,Bessemer
6251 Eastern Valley Rd ,McCalla
136 Industrial Dr ,Bessemer
,Bessemer
1001 4th Avenue SouthWest,Bessemer
3329 Parkwood Rd SE ,Bessemer
6324 Bay Dr,Bessemer
6324 Bay Dr,Bessemer
Park West Dr,Bessemer
Park West Dr,Bessemer
2400 J Terrell Wooten Dr ,Bessemer
2400 J Terrell Wooten Dr ,Bessemer
2400 J Terrell Wooten Dr ,Bessemer
,Bessemer
Eastern Valley Rd & Bell Hill Rd ,Bessemer
19th St & 3rd Avenue ,Bessemer
3995 Pine Lane S.E.,Bessemer
2001 2nd Ave N,Bessemer
2401 Performance Circle,Bessemer
600 Belview St,Bessemer
995 9th Ave SW,Bessemer
995 9th Ave SW,Bessemer
995 9th Ave SW,Bessemer
995 9th Ave SW,Bessemer
995 9th Ave SW,Bessemer
995 9th Ave SW,Bessemer
995 9th Ave SW,Bessemer
995 9th Ave SW ,Bessemer
995 9th Ave SW,Bessemer
1815 9th Ave N,Bessemer
,Bessemer
,Bessemer
,Bessemer
2014 N & 19th St ,Bessemer
2nd N 20th St ,Birmingham
2nd N 20th St ,Birmingham
,Birmingham
2319 1st Ave N ,Birmingham
,Birmingham
2300 23rd Street Ensley,Birmingham
,Birmingham
1020 Bankhead Hwy ,Birmingham
52 Medical Park Dr ,Birmingham
Century Plaza,Birmingham
1230 1st Avenue ,Birmingham
1313 6th Avenue N,Birmingham
1313 6th Avenue N,Birmingham
600 North 18th Street,Birmingham
2150 Richard Arlngton Jr Blvd N ,Birmingham
1313 13th St. S ,Birmingham
,Birmingham
,Birmingham
520 Gene Reed Rd ,Birmingham
33 Inverness Pkwy,Birmingham
210 Inverness Pkwy,Birmingham
1730 Vanderbelt Rd,Birmingham
1816 3rd Avenue N ,Birmingham
2700 2nd Avenue S ,Birmingham
603 Tin Mill Rd,Birmingham
603 Tin Mill Rd,Birmingham
603 Tin Mill Rd,Birmingham
603 Tin Mill Rd,Birmingham
603 Tin Mill Rd,Birmingham
603 Tin Mill Rd,Birmingham
3012 5th Ave S,Birmingham
428 Industrial Lane ,Birmingham
117 W Park Dr,Birmingham
1802 6th Avenue S,Birmingham
1130 22nd St S ,Birmingham
211 - 37th St N,Birmingham
Bermco Industrial Warehouses,Birmingham
1511 - 15 3rd Avenue S,Birmingham
2900 1st Ave S ,Birmingham
1550 Red Hollow Rd,Birmingham
1550 Red Hollow Rd,Birmingham
201 London Pkwy Suite 400 ,Birmingham
4000 Avenue I ,Birmingham
2714 2nd Avenue N,Birmingham
1960 6th Ave S ,Birmingham
4th Avenue & 20th St N,Birmingham
4900 69th St N ,Birmingham
9709 Pkwy E ,Birmingham
Heliport ,Birmingham
701 Princeton Ave SW ,Birmingham
701 Princeton Ave SW ,Birmingham
701 Princeton Ave SW ,Birmingham
701 Princeton Ave SW ,Birmingham
701 Princeton Ave SW ,Birmingham
701 Princeton Ave SW ,Birmingham
701 Princeton Ave SW ,Birmingham
701 Princeton Ave SW ,Birmingham
701 Princeton Ave SW ,Birmingham
701 Princeton Ave SW ,Birmingham
701 Princeton Ave SW ,Birmingham
701 Princeton Ave SW ,Birmingham
701 Princeton Ave SW ,Birmingham
701 Princeton Ave SW ,Birmingham
701 Princeton Ave SW ,Birmingham
701 Princeton Ave SW ,Birmingham
701 Princeton Ave SW ,Birmingham
701 Princeton Ave SW ,Birmingham
1819 5th Ave N ,Birmingham
200 University Blvd ,Birmingham
200 Summit Blvd,Birmingham
,Birmingham
2015 2nd Avenue N,Birmingham
733 Mary Vann Lane,Birmingham
"2011, 2015, 2017 2nd Avenue N",Birmingham
,Birmingham
501 6th Avenue S,Birmingham
,Birmingham
520 16th St N,Birmingham
520 16th St N,Birmingham
2511 3rd St W,Birmingham
1901 11th Avenue S,Birmingham
,Birmingham
,Birmingham
300 Snow Dr ,Birmingham
1101 15th Ave N,Birmingham
21st St & 6th Avenue N,Birmingham
2249 Bessemer Rd,Birmingham
1000 John Rogers Dr,Birmingham
1000 John Rogers Dr,Birmingham
900 Arkadelphia Rd ,Birmingham
,Birmingham
2229 1st Avenue,Birmingham
3950 Valley E Industrial Dr,Birmingham
5th Avenue & 20th St N,Birmingham
1819 5th Ave N ,Birmingham
3021 7th Ave S,Birmingham
,Birmingham
,Birmingham
1533 Montclair Rd,Birmingham
1533 Montclair Rd,Birmingham
,Birmingham
,Birmingham
,Birmingham
,Birmingham
,Birmingham
Parkway E - Roebuck,Birmingham
200 W Oxmoor Rd ,Birmingham
200 W Oxmoor Rd ,Birmingham
400 Industrial Dr,Birmingham
300 Research Prkwy,Birmingham
6434 1st Avenue N,Birmingham
111 Oxmoor Rd,Birmingham
1720 University Blvd,Birmingham
,Birmingham
1030 London Dr Suite 300,Birmingham
7580 Crestwood Blvd ,Birmingham
7580 Crestwood Blvd ,Birmingham
7580 Crestwood Blvd ,Birmingham
7580 Crestwood Blvd ,Birmingham
7580 Crestwood Blvd ,Birmingham
"2550 Acton Rd, Suite 200",Birmingham
210 Graymont Ave W ,Birmingham
17 20th St N Suite 600,Birmingham
1116 26th St S,Birmingham
Morris Avenue ,Birmingham
587 Brookwood Village ,Birmingham
1530 3rd Avenue S,Birmingham
930 20th St S ,Birmingham
,Birmingham
37th St S ,Birmingham
Service Center ,Birmingham
,Birmingham
,Birmingham
,Birmingham
,Birmingham
,Birmingham
,Birmingham
,Birmingham
,Birmingham
2100 3rd Ave N ,Birmingham
2100 3rd Ave N ,Birmingham
2600 Highland Ave,Birmingham
2209 / 2211 Morris Avenue ,Birmingham
7110 1st Avenue N,Birmingham
1515 6th Avenue S,Birmingham
1515 6th Avenue S,Birmingham
25 13th St W Ensley,Birmingham
Woodoward Building,Birmingham
2124 Old Springville Rd,Birmingham
2238 Pinson Valley Prkwy,Birmingham
22nd St N ,Birmingham
1900 Margaret Avenue ,Birmingham
3501 1st Ave N,Birmingham
3501 1st Ave N,Birmingham
1500 Daniel Payne Dr,Birmingham
6045 S Industrial Dr,Birmingham
,Birmingham
1960 6th Ave S ,Birmingham
3401Mary Taylor Rd ,Birmingham
3350 Ball St,Birmingham
1904 16th St N ,Birmingham
300 Richard Arrington Jr. Blvd Suite 600,Birmingham
2100 Southbridge Prkwy Suite 650,Birmingham
48 Medical Park Dr E Suite 350 ,Birmingham
I-20 & Hwy 78 ,Birmingham
801 5th Avenue S,Birmingham
801 5th Avenue S,Birmingham
112 28th St S,Birmingham
,Birmingham
2101 6th Ave N Suite 700,Birmingham
605 Richard Arrington JR Blvd,Birmingham
605 Richard Arrington JR Blvd,Birmingham
605 Richard Arrington Jr Blvd N ,Birmingham
605 Richard Arrington Jr Blvd ,Birmingham
710 N 20th St,Birmingham
1201 22nd St N,Birmingham
3401 Mary Taylor Rd ,Birmingham
3401 Mary Taylor Rd ,Birmingham
3401 Mary Taylor Rd ,Birmingham
1424 Montclair Rd,Irondale 
1424 Monclair Rd,Irondale 
488 Palisades Blvd,Birmingham
488 Palisades Blvd,Birmingham
1800 Fifth Avenue N,Birmingham
50 Van Station ,Birmingham
4300 Coalburg Rd,Birmingham
4901 Alton Court ,Birmingham
4901 Alton Court ,Birmingham
4901 Alton Court ,Birmingham
4901 Alton Court ,Birmingham
4901 Alton Court ,Birmingham
211 37th St N,Birmingham
5th Avenue & 20th St N,Birmingham
Lakeshore Dr,Birmingham
1st Avenue N & 65th St,Birmingham
1st Avenue N & 65th St,Birmingham
2804 Crest Wood Blvd,Birmingham
Five Points W,Birmingham
100 London Pkwy Suite 150 ,Birmingham
2015 2nd Avenue N,Birmingham
7905 Crestwood Blvd,Birmingham
,Birmingham
2224 1st Ave N ,Birmingham
5201 Messer Airport Hwy,Birmingham
3850 Pinson Valley Pkwy ,Birmingham
3850 Pinson Valley Pkwy ,Birmingham
3969 Valley East Industrial Park ,Birmingham
1115 11th St S ,Birmingham
110 6th St S,Birmingham
317 Plaza Dr,Birmingham
3427 Colonnade Prkwy ,Birmingham
3230 Messer - Airport Hwy ,Birmingham
3230 Messer - Airport Hwy ,Birmingham
922 E Meighan Blvd,Gadsden 
Us Hwy 280   ,Birmingham
,Birmingham
1220 67th St Ens,Birmingham
,Birmingham
1721 Montgomery Hwy ,Birmingham
1721 Montgomery Hwy ,Birmingham
4904 69th St N ,Birmingham
,Birmingham
155 Cleage Dr,Birmingham
,Birmingham
1 Heartsouth Pkwy ,Homewood
1 Healthsouth Pkwy ,Homewood
1201 11th Avenue S,Birmingham
4235 44th Avenue N,Birmingham
1329 4th Avenue S,Birmingham
1400 University Blvd,Birmingham
5275 Hwy 280 ,Birmingham
Colonal Plaza,Birmingham
705 S 20th St ,Birmingham
705 S 20th St ,Birmingham
500 23rd St ,Birmingham
2700 N 7th Ave,Birmingham
2700 N 7th Ave,Birmingham
2nd 20th St N ,Birmingham
2301 5th Avenue S,Birmingham
2705 6th Ave S ,Birmingham
301 Snow Dr,Birmingham
2 N 20th St ,Birmingham
1300 Avenue F,Birmingham
603 Tin Mill Rd,Birmingham
3919 4th Avenue S,Birmingham
1717 Vanderbuilt Rd,Birmingham
716 Richard Arrington Jr Blvd ,Birmingham
716 Richard Arrington Jr Blvd ,Birmingham
1400 6th Avenue S,Birmingham
1400 6th Avenue S,Birmingham
,Birmingham
3841 Industrial Dr,Birmingham
3841 Industrial Dr,Birmingham
3841 Industrial Dr,Birmingham
3841 Industrial Dr,Birmingham
3520 2nd Avenue N ,Birmingham
17 20th St N ,Birmingham
17 N 20th St,Birmingham
17 N 20th St,Birmingham
17 N 20th St,Birmingham
17 N 20th St,Birmingham
48 Medical Dr,Birmingham
Jones Industrial Dr,Birmingham
439 2nd St N,Birmingham
2500 2nd Avenue S,Birmingham
,Birmingham
1816 3rd Avenue N ,Birmingham
Lot 2D Wenonah Oxmoor Rd,Birmingham
1824 6th Avenue S,Birmingham
1824 6th Avenue S,Birmingham
7916 2nd Avenue S ,Birmingham
7916 2nd Avenue S ,Birmingham
7916 2nd Avenue S ,Birmingham
7916 2nd Avenue S ,Birmingham
7916 2nd Avenue S ,Birmingham
1030 London Dr ,Birmingham
612 32nd St S ,Birmingham
Morris Avenue ,Birmingham
New Technical Building,Birmingham
2100 3rd Ave N ,Birmingham
100 Corporate Pkwy Suite 225,Birmingham
2001 3rd Avenue S,Birmingham
2001 3rd Avenue S,Birmingham
2001 3rd Avenue S,Birmingham
2001 3rd Avenue S,Birmingham
2001 3rd Avenue S,Birmingham
2001 3rd Avenue S,Birmingham
2001 3rd Avenue S,Birmingham
2001 3rd Avenue S,Birmingham
2001 3rd Avenue S,Birmingham
2001 3rd Avenue S,Birmingham
3760 River Run Dr,Birmingham
,Birmingham
200 Princeton Prkwy,Birmingham
2550 Acton Rd ,Birmingham
585 Brookwood Village ,Homewood
601 Lawson Rd,Birmingham
2 20th St N #1500 ,Birmingham
2025 3rd Avenue N,Birmingham
2025 3rd Avenue N,Birmingham
2025 3rd Avenue N,Birmingham
2025 3rd Avenue N,Birmingham
2025 3rd Avenue N,Birmingham
Kelly St ,Montgomery 
18 W Oxmoor Rd,Homewood
3405 4th Avenue S,Birmingham
3405 4th Avenue S,Birmingham
3405 4th Avenue S,Birmingham
10 S 41st St,Birmingham
10 S 41st St,Birmingham
10 S 41st St,Birmingham
10 S 41st St,Birmingham
2018 Morris Avenue,Birmingham
10 S 41st St,Birmingham
1143 Vanderbilt Rd ,Birmingham
1917 4th Avenue N,Birmingham
52 Medical Park Dr E Suite 401,Birmingham
50 Medical Prk Dr ,Birmingham
950 22nd St N ,Birmingham
950 22nd St N ,Birmingham
950 22nd St N ,Birmingham
950 22nd St N ,Birmingham
1717 11th Avenue S,Birmingham
,Birmingham
7715 4th Ave S ,Birmingham
225 Summit Blvd,Birmingham
,Birmingham
1617 3rd Avenue S,Birmingham
5500 Myron Massey Blvd ,Fairfield
,Birmingham
800 Montclair Rd,Birmingham
800 Montclair Rd,Birmingham
1530 3rd Avenue S,Birmingham
Airport Hwy,Birmingham
,Birmingham
1816 3rd Avenue N ,Birmingham
109 N 20th St,Birmingham
2126 Morris Avenue ,Birmingham
1740 Cleburn Ave ,Birmingham
2110 1st Avenue N,Birmingham
2311 Highland Ave  Suite 100 ,Birmingham
8131 4th Ave S,Birmingham
1687 Center Point Prkwy,Birmingham
2301 F. L. Shuttleworth Dr ,Birmingham
2301 F. L. Shuttleworth Dr ,Birmingham
1819 5th Ave N ,Birmingham
625 19th St S,Birmingham
3500 Colonade Pkwy ,Birmingham
,Birmingham
1819 5th Ave N ,Birmingham
1819 5th Ave N ,Birmingham
744 N 41st St,Birmingham
744 N 41st St,Birmingham
,Birmingham
2210 First Avenue N,Birmingham
2316 7th Avenue N,Birmingham
2316 7th Avenue N,Birmingham
Amsouth Harbert Plaza,Birmingham
619 S 19th St,Birmingham
1710 2nd Ave N ,Birmingham
601 Republic Circle,Birmingham
2500 13th St W,Birmingham
,Birmingham
Roberts Industrial Park,Birmingham
1697 Tuscaloosa Avenue ,Birmingham
9213 Parkway E,Birmingham
123 Industrial Dr ,Birmingham
,Birmingham
,Birmingham
Magnolia Financial Center ,Birmingham
,Birmingham
500 Medco Rd,Birmingham
1059 Montclair Dr ,Birmingham
2800 2nd Avenue S,Birmingham
2800 2nd Avenue S,Birmingham
2901 2nd Ave S  ,Birmingham
300 22nd St S,Birmingham
2209 / 2211 Morris Ave,Birmingham
5915 Chalkville Mountain Rd ,Birmingham
3800 River Run Dr,Birmingham
3800 River Run Dr,Birmingham
3817 River Run Dr,Birmingham
3817 River Run Run Dr,Birmingham
,Birmingham
,Birmingham
240 Lyon Lane STE ,Birmingham
9118 Pkwy E STE ,Birmingham
9118 Pkwy E STE ,Birmingham
1665 University Blvd,Birmingham
1665 University Blvd,Birmingham
900 Montclair Rd,Birmingham
2017 Ensley 5 Points W Ave ,Birmingham
1300 Center Point Prkwy ,Birmingham
8 Perimeter Park Dr,Birmingham
4301 Coalburg Rd,Birmingham
3500 Colonnade Prkwy ,Birmingham
917 Cherry Ave,Birmingham
2000 9th Avenue S,Birmingham
2000 9th Avenue S,Birmingham
2000 9th Ave S,Birmingham
1016 19th St S,Birmingham
1545 Center Point Pkwy ,Birmingham
6434 1st Avenue N,Birmingham
,Birmingham
1717 6th Avenue S ,Birmingham
2401 20th Place South ,Birmingham
,Birmingham
1024 12th St S,Birmingham
2724 Hanover Circle ,Birmingham
4941 Montevallo Rd,Irondale 
4941 Montevallo Rd,Irondale 
4941 Montevallo Rd,Irondale 
2701 9th Court S,Birmingham
2701 9th Court S,Birmingham
2701 9th Court S,Birmingham
2701 9th Court S,Birmingham
2701 9th Court S,Birmingham
2701 9th Court S,Birmingham
2701 9th Court S,Birmingham
2701 9th Court S,Birmingham
2701 9th Court S,Birmingham
2701 9th Court S,Birmingham
2701 9th Court S ,Birmingham
810 St Vincents Dr,Birmingham
810 St Vincents Dr,Birmingham
810 St Vincents Dr,Birmingham
2607 Clairmont Avenue ,Birmingham
810 St Vincent's Dr ,Birmingham
2701 9th Court S ,Birmingham
1550 Meadowcraft Rd,Birmingham
1550 Meadowcraft Rd,Birmingham
1550 Meadowcraft Rd,Birmingham
4000 10th Avenue N ,Birmingham
211 Summit Blvd ,Birmingham
209 S Blvd S 800,Birmingham
2015 3rd Ave N ,Birmingham
2015 3rd Ave N ,Birmingham
,Birmingham
3330 10th Avenue N ,Birmingham
3330 10th Avenue N ,Birmingham
3330 10th Avenue N ,Birmingham
17 20th St N ,Birmingham
2214 2nd Ave N,Birmingham
2 N 20th St Suite 100,Birmingham
2190 Prkwy Lane Dr ,Birmingham
7290 Cahaba Valley Rd,Birmingham
Perimeter Park S ,Birmingham
1900 2nd Ave N ,Birmingham
6001 Crestwood Blvd,Birmingham
2801 Riverview Rd,Birmingham
3325 Country Club Rd ,Mountain Brook 
107 Frankfurt Circle ,Birmingham
708 29th St S ,Birmingham
,Birmingham
143 Summit Blvd Bldg C Suite C6 ,Birmingham
209 S Blvd S 800,Birmingham
105 Summit Blvd ,Birmingham
323 Summit Blvd ,Birmingham
323 Summit Blvd ,Birmingham
216 Summit Blvd ,Birmingham
2309 5th Ave S ,Birmingham
2401 Pinson Valley Pkwy ,Birmingham
420 21st St S ,Birmingham
3200 7th Avenue N ,Birmingham
542 42nd Pl N ,Birmingham
716 Richard Arrington Jr Blvd N ,Birmingham
13 Spaulding - Ishkooda Rd,Birmingham
800 Montclair Rd ,Birmingham
800 Montclair Rd ,Birmingham
509 20th St S ,Birmingham
1822 6th Ave S ,Birmingham
1822 6th Ave S ,Birmingham
501 12th St S,Birmingham
501 12th St S,Birmingham
617 13th St S ,Birmingham
200 University Blvd ,Birmingham
619 19th St S,Birmingham
1400 University Blvd,Birmingham
1300 University Blvd,Birmingham
1300 University Blvd,Birmingham
615 18th St S,Birmingham
619 S 19th St ,Birmingham
901 14th St S ,Birmingham
1719 6th Avenue S ,Birmingham
1719 6th Avenue S ,Birmingham
1719 6th Avenue S ,Birmingham
1719 6th Avenue S ,Birmingham
1116 26th St S,Birmingham
"Bevill Bldg, 845 19th St S Room 311 ",Birmingham
1720 University Blvd,Birmingham
1670 University Blvd,Birmingham
1670 University Blvd,Birmingham
1670 University Blvd,Birmingham
1720 University Blvd,Birmingham
521 19th St S ,Birmingham
521 S 19th St,Birmingham
521 S 19th St,Birmingham
1802 6th Avenue S ,Birmingham
1221 11th Avenue,Birmingham
1201 11th Avenue,Birmingham
1401 University Blvd,Birmingham
600 20th St S,Birmingham
600 20th St S,Birmingham
600 20th St S,Birmingham
625 19th St S ,Birmingham
1802 6th Avenue S ,Birmingham
1600 10th Ave S,Birmingham
1201 11th Avenue S ,Birmingham
625 19th St S,Birmingham
625 19th St S,Birmingham
625 19th St S,Birmingham
625 S 19th St,Birmingham
619 S 19th St,Birmingham
619 S 19th St,Birmingham
619 S 19th St,Birmingham
619 S 19th St,Birmingham
625 South 19th St,Birmingham
625 19th St S,Birmingham
1824 6th Avenue S,Birmingham
1824 6th Avenue S,Birmingham
1824 6th Avenue S,Birmingham
1714 9th Avenue S,Birmingham
1802 6th Avenue S ,Birmingham
1700 University Blvd,Birmingham
1700 University Blvd,Birmingham
701 19th St S,Birmingham
1918 University Blvd,Birmingham
48 Medical Park Dr E,Birmingham
48 Medical Park Dr E,Birmingham
48 Medical Park Dr E,Birmingham
48 Medical Park Dr E,Birmingham
48 Medical Park Dr E,Birmingham
48 Medical Park Dr E,Birmingham
48 Medical Park Dr E,Birmingham
48 Medical Park Dr E,Birmingham
48 Medical Park Dr E,Birmingham
48 Medical Park Dr E,Birmingham
48 Medical Park Dr E,Birmingham
48 Medical Park Dr E,Birmingham
48 Medical Park Dr E,Birmingham
48 Medical Park Dr E,Birmingham
48 Medical Park Dr E,Birmingham
48 Medical Park Dr E,Birmingham
48 Medical Park Dr E,Birmingham
48 Medical Park Dr E,Birmingham
48 Medical Park Dr E,Birmingham
1813 6th Avenue S ,Birmingham
1716 9th Ave S ,Birmingham
615 S 18th St,Birmingham
1301 10th Ave S ,Birmingham
615 S 18th St,Birmingham
615 S 18th St,Birmingham
1717 6th Avenue S,Birmingham
615 18th St S,Birmingham
351 Devotie Dr,Birmingham
620 20th St S #320 ,Birmingham
,Birmingham
625 19th St S,Birmingham
625 19th St S,Birmingham
625 19th St S ,Birmingham
1700 6th St S ,Birmingham
1700 6th St S ,Birmingham
1800 9th Ave S ,Birmingham
1813 6th Ave S ,Birmingham
1813 6th Ave S ,Birmingham
1813 6th Avenue S ,Birmingham
1813 6th Avenue S ,Birmingham
1813 6th Avenue S ,Birmingham
815 3rd Ave S,Birmingham
1665 University Blvd,Birmingham
1919 7th Avenue S,Birmingham
1919 7th Avenue S,Birmingham
1919 7th Avenue S,Birmingham
1919 7th Avenue S,Birmingham
1919 7th Avenue S,Birmingham
1919 7th Avenue S,Birmingham
1919 7th Avenue S,Birmingham
1919 7th Avenue S ,Birmingham
1919 7th Avenue S ,Birmingham
1919 7th Avenue S ,Birmingham
1919 7th Avenue S ,Birmingham
1919 7th Avenue S ,Birmingham
1919 7th Avenue S ,Birmingham
1670 University Blvd,Birmingham
1701 University Blvd,Birmingham
1701 University Blvd,Birmingham
1701 University Blvd,Birmingham
1716 University Blvd,Birmingham
1825 University Blvd,Birmingham
1825 University Blvd,Birmingham
1825 University Blvd,Birmingham
1825 University Blvd,Birmingham
1825 University Blvd,Birmingham
1825 University Blvd,Birmingham
2500 Crestwood Blvd #500,Birmingham
1713 6th Avenue S,Birmingham
1717 6th Avenue S,Birmingham
1717 6th Avenue S,Birmingham
1717 6th Avenue S,Birmingham
1717 6th Avenue S,Birmingham
1717 6th Avenue S,Birmingham
1717 6th Avenue S,Birmingham
1717 6th Avenue S,Birmingham
1717 6th Avenue S,Birmingham
1717 6th Avenue S,Birmingham
1717 6th Avenue S,Birmingham
1717 6th Avenue S,Birmingham
1717 6th Avenue S,Birmingham
1720 7th Avenue S ,Birmingham
1720 7th Avenue S ,Birmingham
1720 7th Avenue S ,Birmingham
1720 7th Avenue S ,Birmingham
1720 7th Avenue S ,Birmingham
1720 7th Avenue S ,Birmingham
1720 7th Avenue S ,Birmingham
1720 7th Avenue S ,Birmingham
1720 7th Avenue S ,Birmingham
1720 7th Avenue S ,Birmingham
1720 7th Avenue S ,Birmingham
1405 2nd Avenue S ,Birmingham
1401 2nd Avenue S,Birmingham
1401 2nd Avenue S,Birmingham
,Birmingham
1675 University Blvd,Birmingham
1675 University Blvd,Birmingham
1675 University Blvd,Birmingham
1675 University Blvd,Birmingham
1713 6th Avenue S,Birmingham
1900 University Blvd,Birmingham
1900 University Blvd,Birmingham
1802 6th Avenue S ,Birmingham
1802 6th Avenue S ,Birmingham
1802 6th Avenue S ,Birmingham
1670 University Blvd,Birmingham
1670 University Blvd,Birmingham
1670 University Blvd,Birmingham
1670 University Blvd,Birmingham
1670 University Blvd ,Birmingham
1670 University Blvd,Birmingham
1670 University Blvd,Birmingham
1670 University Blvd,Birmingham
1670 University Blvd,Birmingham
1670 University Blvd,Birmingham
1670 University Blvd,Birmingham
1670 University Blvd,Birmingham
1670 University Blvd,Birmingham
1670 University Blvd,Birmingham
1670 University Blvd,Birmingham
1670 University Blvd,Birmingham
1670 University Blvd,Birmingham
1670 University Blvd,Birmingham
1670 University Blvd,Birmingham
1401 2nd Avenue S,Birmingham
1401 2nd Avenue S,Birmingham
1401 2nd Avenue S,Birmingham
1401 2nd Avenue S,Birmingham
615 18th St S,Birmingham
615 18th St S,Birmingham
1500 6th Avenue S,Birmingham
1500 6th Avenue S,Birmingham
924 18th St S,Birmingham
924 18th St S,Birmingham
924 18th St S,Birmingham
1201 University Blvd ,Birmingham
1802 6th Avenue S ,Birmingham
1813 6th Ave S ,Birmingham
1813 6th Ave S ,Birmingham
2 N 20th Bldg,Birmingham
907 3rd Avenue ,Birmingham
12th Avenue N & 19th St,Birmingham
3400 Pinson Valley Prkwy ,Birmingham
200 Century Park S ,Birmingham
4601 Inglenook Lane ,Birmingham
118 Citation Court,Birmingham
3230 Airport Hwy,Birmingham
2222 Vanderbilt Rd,Birmingham
2222 Vanderbilt Rd,Birmingham
1920 Fourth Ave S ,Birmingham
3320 2nd Ave S ,Birmingham
3320 2nd Ave S ,Birmingham
3320 2nd Ave S,Birmingham
700 S 19th St,Birmingham
2545 Valleydale Rd,Birmingham
110 12th St N Suite D103,Birmingham
2033 Morris Avenue ,Birmingham
,Birmingham
Bldg 2 N 20th ,Birmingham
2323 2nd Ave N,Birmingham
,Birmingham
668 Lomb Ave,Birmingham
,Birmingham
Eastwood Festival Center ,Birmingham
1155 Alabaster Blvd ,Alabaster
2901 Messer Airport Hwy ,Birmingham
2901 Messer Airport Hwy ,Birmingham
2612 30th Ave N,Birmingham
1927 1st Ave N,Birmingham
1005 20th St S,Birmingham
,Birmingham
,Birmingham
,Birmingham
1731 1st Ave N ,Birmingham
703 19th St S,Birmingham
703 19th St S,Birmingham
703 19th St S,Birmingham
703 19th St S,Birmingham
703 19th St N ,Birmingham
2901 2nd Ave S Suite 155,Birmingham
1819 5th Ave N,Birmingham
11 Newt Parker Dr,Boaz
501 Elizabeth St,Boaz
240 Denson Rd,Boaz
240 Denson Rd,Boaz
1506 Industrial Blvd,Boaz
300 Wagner Dr ,Boaz
920 US-431,Boaz
1972 US-431,Boaz
1972 US-431,Boaz
400 Elizabeth St,Boaz
400 Elizabeth St,Boaz
400 Elizabeth St,Boaz
3400 Browns Circ,Bessemer 
16243 AL-216,Brookwood
16243 AL-216,Brookwood
16243 AL-216,Brookwood 
41 N Industrial Prkwy ,Calera
6107 Hwy 31,Calera 
8370 Hwy 31,Calera 
15843 Hwy 25,Calera 
9700 Hwy 25 ,Calera 
11215 Co Rd 22,Calera 
3280 Hwy 31 ,Calera 
3280 Hwy 31 ,Calera 
8370 US-31,Calera 
80 CoRd 304,Calera 
3280 Hwy 31 ,Calera 
3280 Hwy 31 ,Calera 
3280 Hwy 31 ,Calera 
3400 US-31 ,Calera 
3536 Hwy-31,Calera 
3280 Hwy 31 ,Calera 
41 N Industrial Prkwy ,Calera 
8039 Hwy 25 W ,Calera 
8039 Hwy 25 W,Calera 
3280 Hwy 31 S ,Calera 
3280 Hwy 31 ,Calera 
8839 Hwy 25,Calera 
199 Supercenter Dr ,Calera 
300 Timberline Trail ,Calera 
1150 George Roy Pkwy ,Calera 
350 Overbrook Rd ,Mountain Brook 
216 C David Stone Rd,Carrolton
241 Robert K Wilson Dr ,Carrolton
4801 Indian Trail,Center Point
400 Northwood Dr,Centre
400 Northwood Dr,Centre
400 Northwood Dr,Centre
"1005, 877 Cedar Bluff Rd",Centre 
"1005, 877 Cedar Bluff Rd",Centre 
Us Hwy 82,Centreville
220 Birmingham Rd,Centreville 
2020 Co Rd 39,Chelsea
400 Boardman Dr,Chelsea
11611 Chelsea Rd,Chelsea 
5898 Co Rd 41,Clanton
,Clanton
,Clanton
Box 232,Clanton
300 Medical Center Dr,Clanton
2543 7th St  ,Clanton 
2543 7th St S ,Clanton 
306 11th St,Clanton 
7476 Clayton Rd ,Pinson
,Clay
6501 Deerfoot Pkwy ,Pinson
"4713, 892 Four H Rd",Columbia 
"4713, 892 Four H Rd",Columbia 
101 Washington St,Columbia 
102 Industrial Pkwy,Columbiana
222 Joinertown Rd,Columbiana 
Cook Springs Rd,Cook Springs
415 Cook Springs Rd,Cook Springs 
415 Cook Springs Rd,Cook Springs 
17589 Plant Rd,Coosa Pines
,Coosa Pines
1 Blue Devil Way,Cordova 
17551 AL-68,Crossville
1831 Cherokee Ave SW ,Cullman
2nd Ave NE,Cullman
420 2nd Ave SW ,Cullman
420 2nd Ave SW ,Cullman
2131 Old Hanceville Hwy ,Cullman
2131 Old Hanceville Hwy ,Cullman
2131 Old Hanceville Hwy ,Cullman
2424 Industrial Dr SW,Cullman
2424 Industrial Dr SW,Cullman
2424 Industrial Dr SW,Cullman
2424 Industrial Dr SW,Cullman
2424 Industrial Dr SW,Cullman
2424 Industrial Dr SW,Cullman
2424 Industrial Dr SW,Cullman
2424 Industrial Dr SW,Cullman
2424 Industrial Dr SW,Cullman
1850 Cherokee Ave SW,Cullman
1807 Beech Ave SE,Cullman
1403 Wall St ,Cullman
2019 US Hwy 31 S,Decatur
2404 Gaslight Pl Sw ,Decatur
1050 Chemstran Ave ,Decatur
1050 Chemstran Ave ,Decatur
1050 Chemstran Ave ,Decatur
1050 Chemstran Ave ,Decatur
1050 Chemstran Ave ,Decatur
1050 Chemstran Ave ,Decatur
1824 6th Avenue S,Decatur
,Demopolis
,Demopolis
2221 Hwy 78,Dora
100 Legacy Blvd,Eastaboga
3520 Marion Spillway Rd,Elmore
3520 Marion Spillway Rd,Elmore
Union Rd,Eutaw
603 Tin Mill Rd,Birmingham
5021 Gary Avenue,Fairfield
7201 Aaron Aronov Dr ,Fairfield
4601 Gary Avenue ,Fairfield
610 Valley Rd,Fairfield
316 45th St,Fairfield
7100 Aaron Aronov Dr ,Fairfield
414 42nd St,Fairfield
701 Lloyd Noland Prkwy,Fairfield
701 Lloyd Noland Prkwy,Fairfield
701 Lloyd Noland Prkwy,Fairfield
701 Lloyd Noland Prkwy,Fairfield
701 Lloyd Noland Prkwy,Fairfield
315 36th St,Fairfield
4025 Commerce Avenue ,Fairfield
4600 Carnegie Avenue ,Fairfield
4600 Carnegie Avenue ,Fairfield
6550 Aaron Aronov Dr,Fairfield
7201 Aaron Aronov Dr ,Fairfield
7201 Aaron Aronov Dr ,Fairfield
7201 Aaron Aronov Dr ,Fairfield
7201 Aaron Aronov Dr ,Fairfield
9227 Gafer Avenue Extension,Fairhope
Hwy 171 & 43,Fayette
,Fayette
545 Co Rd 6 ,Belk
430 Co Rd 30,Florence
339 Seville St,Florence 
3165 S Mckenzie St,Foley
1940 Forestdale Blvd,Birmingham
415 Castle Ave,Anniston
1023 Fort McClellan ,Anniston
200 Medical Center Dr,Fort Payne 
200 Medical Center Dr,Fort Payne 
1400 Gault Ave N,Fort Payne 
1613 Glenn Blvd SW,Fort Payne 
20th St ,Anniston
1023 Fort McClellan ,Anniston
1023 Fort McClellan ,Anniston
,Ft. Rucker
,Ft. Rucker
Building 40159,Ft. Rucker
Building 40159,Ft. Rucker
1601 Morris Ave,Fultondale
3321 Lowery Parkway,Fultondale
3489 Lowery Prkwy,Fultondale
3489 Lowery Prkwy,Fultondale
3465 Lowery Pkwy ,Fultondale 
2103 E Broad St ,Gadsden
300 N Third St.,Gadsden
1001 Rainbow Dr,Gadsden
2509 W Meighan Blvd ,Gadsden
2509 W Meighan Blvd ,Gadsden
2509 W Meighan Blvd ,Gadsden
2509 W Meighan Blvd ,Gadsden
2509 W Meighan Blvd ,Gadsden
115 N 5th St,Gadsden
600 S 3rd St ,Gadsden
4209 Brook Avenue ,Gadsden
2001 Noccalula Rd,Gadsden
151 Ewing Avenue ,Gadsden
524 Newman Lane,Gadsden
2734 Wills Creek Rd,Gadsden
50 Broad St,Gadsden
,Gadsden
300 Medical Center Dr,Gadsden
Thomas Dr,Gadsden
201 Industrial Prkwy ,Gadsden
2210 W Meighan Blvd,Gadsden
827 Forest Ave ,Gadsden
827 Forest Ave ,Gadsden
600 Broad St,Gadsden
2509 W Meighan Blvd ,Gadsden
3225 Rainbow Dr,Rainbow City
US Hwy 431 & Burns St,Gadsden
300 Raines Air Depot Rd,Gadsden
300 Raines Air Depot Rd,Gadsden
1001 Rainbow Dr,Gadsden
1001 Rainbow Dr,Gadsden
1001 Rainbow Dr,Gadsden
1001 Rainbow Dr,Gadsden
1001 Rainbow Dr,Gadsden
1001 Rainbow Dr,Gadsden
1001 Rainbow Dr,Gadsden
1001 Rainbow Dr,Gadsden
1001 Rainbow Dr,Gadsden
1001 Rainbow Dr,Gadsden
1001 Rainbow Dr,Gadsden
1001 Rainbow Dr,Gadsden
1001 Rainbow Dr,Gadsden
1007 Goodyear Ave ,Gadsden
1007 Goodyear Ave ,Gadsden
1007 Goodyear Ave ,Gadsden
1007 Goodyear Ave ,Gadsden
1007 Goodyear Ave ,Gadsden
700 Forest Avenue ,Gadsden
601 Tuscaloosa Avenue,Gadsden
922 E Meighan Blvd,Gadsden
922 E Meighan Blvd,Gadsden
922 E Meighan Blvd,Gadsden
922 E Meighan Blvd,Gadsden
Alabama Hwy 77,Gadsden
801 Goodyear Ave,Gadsden
801 Goodyear Ave,Gadsden
530 E Meighn Blvd,Gadsden
507 Industrial Prkwy,Gadsden
507 Industrial Prkwy,Gadsden
507 Industrial Prkwy,Gadsden
507 Industrial Prkwy,Gadsden
507 Industrial Prkwy,Gadsden
507 Industrial Prkwy,Gadsden
507 Industrial Prkwy,Gadsden
507 Industrial Prkwy,Gadsden
507 Industrial Prkwy,Gadsden
221 S 3rd St,Gadsden
,Gadsden
2620 E Meighan Blvd ,Gadsden
2620 E Meighan Blvd ,Gadsden
102 Centurion Way,Gadsden
1119 Chastain Blvd ,Gadsden
1119 Chastain Blvd ,Gadsden
314 S 5th St ,Gadsden
741 Forrest Avenue ,Gadsden
700 Hutchins Avenue ,Gadsden
325 No 3rd St,Gadsden
1020 Tuscaloosa Ave,Gadsden
1001 Rainbow Dr,Gadsden
600 S 3rd St,Gadsden
600 S 3rd St,Gadsden
600 S 3rd St,Gadsden
1001 Rainbow Dr,Gadsden
,Gadsden
525 Plainview ,Gadsden
107 E Meighan Blvd,Gadsden
1925 Mt. Olive Rd,Gardendale
205 Fieldstown Rd ,Gardendale
1309 Decatur Hwy ,Gardendale
925 Main St,Gardendale
800 Main St,Gardendale
1309 Decatur Hwy ,Gardendale
2215 Decatur Hwy,Gardendale
100 Fieldstown Rd ,Gardendale
P.O. Box 153,Geraldine
P.O. Box 153,Geraldine
,Glencoe
509 Pineview Ave ,Glencoe
200 Daystar Dr ,Cullman 
661 Montgomery Hwy,Greenville
661 Montgomery Hwy,Greenville
815 Plantation Dr ,Gulf Shores
11655 US Hwy 431 S ,Guntersville
11521 US Hwy 431,Guntersville
11521 US Hwy 431,Guntersville
11521 US Hwy 431,Guntersville
11521 US Hwy 431,Guntersville
11521 US Hwy 431,Guntersville
1000 Gunter Ave ,Guntersville
609 Blount Avenue ,Guntersville
,Guntersville
50501 Sword St ,Guntersville
430 Sam Letson Industrial Rd ,Haleyville
1500 Military St S ,Hamilton
125 Walnut Rd,Hamilton
1170 County Road 508,Hanceville
1170 County Road 508,Hanceville
1170 County Road 508,Hanceville
1170 County Road 508,Hanceville
1170 County Road 508,Hanceville
1170 County Road 508,Hanceville
1170 County Road 508,Hanceville
1170 County Road 508,Hanceville
1170 County Road 508,Hanceville
1170 County Road 508,Hanceville
1170 County Road 508,Hanceville
1170 County Road 508,Hanceville
1170 County Road 508,Hanceville
1170 County Road 508,Hanceville
1170 County Road 508,Hanceville
1170 County Road 508,Hanceville
1170 County Road 508,Hanceville
1170 County Road 508,Hanceville
1180 County Rd 508,Hanceville
4910 County Rd 940 ,Logan 
305 College St NE,Hartselle
,Hartselle
US Hwy 78,Heflin
1816 Almon St ,Heflin
335 Helena Marketplace,Helena
2381 Helena Rd ,Helena
335 Helena Marketplace,Helena
,Hokes Bluff
,Holt
110 Vulcan Rd ,Homewood
3525 Independence Dr,Homewood
428  Green Springs Hwy ,Homewood
301 Snow Drive,Homewood
780 Brookwood Village ,Birmingham
36 Barber Court,Homewood
,Homewood
704 Brookwood Village ,Homewood
704 Brookwood Village ,Homewood
2010 Brookwood Medical Center Dr,Homewood
2010 Brookwood Medical Center Dr,Homewood
2010 Brookwood Medical Center Dr,Homewood
2010 Brookwood Medical Center Dr,Homewood
2010 Brookwood Medical Center Dr,Homewood
2010 Brookwood Medical Center Dr,Homewood
2010 Brookwood Medical Center Dr,Homewood
513 Brookwood Blvd,Homewood
2010 Brookwood Medical Center Dr,Homewood
1 Metroplex Dr ,Homewood
1 Metroplex Dr ,Homewood
1 Metroplex Dr ,Homewood
1 Metroplex Dr ,Homewood
780 Brookwood Village ,Homewood
105 Vulcan Rd,Homewood
780 Brookwood Village ,Homewood
100 Green Springs Hwy,Homewood
2 Metroplex Dr,Homewood
3415 Independence Dr ,Birmingham
800 Lakeshore Dr ,Homewood
,Homewood
1715 27th Court S ,Homewood
151 Convenant Way ,Homewood
65 Old Montgomery Hwy ,Homewood
150 Green Springs Hwy,Birmingham
1114 Oxmoor Rd,Birmingham
1616 Oxmoor Rd ,Birmingham
,Homewood
813-A Green Springs Ave,Homewood
48 Green Springs Hwy ,Homewood
224 Oxmoor Circle,Homewood
2 Metroplex Dr,Birmingham
68 Bagby Dr,Homewood
7 Hollywood Blvd ,Homewood
816 Oak Grove Rd,Homewood
1833 29th Avenue S,Homewood
3401 Independence Drive ,Birmingham
1830 29th Ave S,Birmingham
230 Green Springs Hwy,Homewood
48 Green Springs Hwy ,Homewood
,Homewood
410 Green Springs Hwy,Homewood
117C Citation Court,Homewood
135 West Valley Avenue ,Homewood
100 Brookwood Place ,Birmingham
800 Lakeshore Dr ,Homewood
800 Lakeshore Dr ,Homewood
800 Lakeshore Dr ,Homewood
800 Lakeshore Dr ,Homewood
800 Lakeshore Dr ,Homewood
800 Lakeshore Dr ,Homewood
800 Lakeshore Dr ,Homewood
800 Lakeshore Dr ,Homewood
800 Lakeshore Dr ,Homewood
800 Lakeshore Dr ,Homewood
800 Lakeshore Dr ,Homewood
800 Lakeshore Dr ,Homewood
800 Lakeshore Dr ,Homewood
800 Lakeshore Dr ,Homewood
800 Lakeshore Dr ,Homewood
800 Lakeshore Dr ,Homewood
800 Lakeshore Dr ,Homewood
800 Lakeshore Dr ,Homewood
800 Lakeshore Dr ,Homewood
800 Lakeshore Dr ,Homewood
800 Lakeshore Dr ,Homewood
800 Lakeshore Dr ,Homewood
800 Lakeshore Dr ,Homewood
800 Lakeshore Dr ,Homewood
800 Lakeshore Dr ,Homewood
800 Lakeshore Dr ,Homewood
800 Lakeshore Dr ,Homewood
800 Lakeshore Dr ,Homewood
400 University Park Dr ,Homewood
,Homewood
210 Wildwood Prkwy,Homewood
210 Wildwood Prkwy,Homewood
218 Summit Pkwy,Homewood
140 Vulcan Rd,Homewood
2200 Lakeshore Dr ,Homewood
930 Oxmoor Rd,Homewood
531 Brookwood Village,Homewood
200 Wildwood Pkwy ,Homewood
200 Wildwood Pkwy ,Homewood
3332 Old Montgomery Hwy,Birmingham
211 Lakeshore Prkwy ,Homewood
231 State Farm Prkwy ,Homewood
148 Wildwood Prkwy ,Homewood
231 State Farm Prkwy ,Homewood
231 State Farm Prkwy ,Homewood
231 State Farm Prkwy ,Homewood
140 Wildwood Prkwy ,Homewood
872 Montague Dr ,Birmingham 
33 Inverness Center Prkwy ,Hoover
33 Inverness Center Prkwy ,Hoover
,Hoover
3320 Old Columbina Rd ,Vestavia Hills 
3000 Meadow Lake Dr ,Hoover
3000 Meadow Lake Dr ,Hoover
3000 Riverchase Galleria ,Hoover
3000 Riverchase Galleria ,Hoover
3000 Riverchase Galleria ,Hoover
5501 Grove Blvd,Hoover
5201 Princeton Way Suite 701,Hoover
2189 Pkwy Lak Dr ,Hoover
2190 Pkwy Lake Dr,Hoover
2190 Pkwy Lake Dr,Hoover
2190 Pkwy Lake Dr,Hoover
1600 Resource Dr,Hoover
,Hoover
Meadowbrook 500 Bldg ,Hoover
,Hoover
3780 Riverchase Village ,Hoover
2250 Alabama 150 ,Hoover
3639 Log Trail Dr,Hoover
473 Chase Cir S ,Hoover
2 Chase Corporate Dr ,Hoover
2 Chase Corporate Dr ,Hoover
2 Chase Corporate Dr ,Hoover
2600 Resource Dr ,Hoover
3650 Galleria Circle ,Hoover
3650 Galleria Circle ,Hoover
5390 Magnolia Trace ,Hoover
1881 Chace Dr ,Hoover
2100 International Park Dr,Birmingham
2100 International Park Dr,Birmingham
2700 Corporate Dr ,Hoover
5409 US-280 ,Birmingham 
4730 Chase Circle Suite 100 ,Hoover
Hwy 31 S @ Hwy 150,Hoover
Valleydale Rd,Hoover
Valleydale Rd,Hoover
,Hoover
4527 Southlake Pkwy ,Hoover
3000 Riverchase Galleria ,Hoover
4100 Greystone Dr,Hoover
4100 Greystone Dr,Hoover
7500 Hugh Daniel Dr ,Birmingham 
7500 Hugh Daniel Dr ,Birmingham 
Hwy 150 & Shades Crest Rd,Hoover
2810 Metropolitan Way ,Birmingham 
3142 Lorna Rd,Hoover
2020 Valleydale Rd ,Hoover
400 Municipal Dr ,Hoover
2600 John Hawkins Pkwy ,Hoover
5025 US-280 ,Hoover
5025 US-280 ,Hoover
,Hoover
2551 John Hawkins Pkwy ,Hoover
5583 Grove Blvd,Hoover
1725 Montgomery Hwy S,Hoover
2600 Meadowbrook S Resource Dr,Hoover
161 Main St Suite 111,Hoover
181 Main St Suite 117,Hoover
180 Main St Suite 140,Hoover
,Hoover
410 Doug Baker Blvd ,Hoover
260 Shades Crest Rd ,Hoover
Riverchase Dr,Hoover
110 Inverness Cors,Birmingham 
2000 Riverchase Galleria ,Hoover
2000 Riverchase Galleria ,Hoover
2000 Riverchase Galleria ,Hoover
2000 Riverchase Galleria ,Hoover
2000 Riverchase Galleria ,Hoover
2000 Riverchase Galleria ,Hoover
2000 Riverchase Galleria ,Hoover
2000 Riverchase Galleria ,Hoover
2000 Riverchase Galleria ,Hoover
2000 Riverchase Galleria ,Hoover
2000 Riverchase Galleria ,Hoover
2000 Riverchase Galleria ,Hoover
2000 Riverchase Galleria ,Hoover
2000 Riverchase Galleria ,Hoover
2000 Riverchase Galleria ,Hoover
2000 Riverchase Galleria ,Hoover
2000 Riverchase Galleria ,Hoover
2000 Riverchase Galleria ,Hoover
2000 Riverchase Galleria ,Hoover
2000 Riverchase Galleria ,Hoover
2000 Riverchase Galleria ,Hoover
2000 Riverchase Galleria ,Hoover
2000 Riverchase Galleria ,Hoover
2000 Riverchase Galleria ,Hoover
2000 Riverchase Galleria ,Hoover
2000 Riverchase Galleria ,Hoover
2000 Riverchase Galleria ,Hoover
2000 Riverchase Galleria ,Hoover
2000 Riverchase Galleria ,Hoover
2000 Riverchase Galleria ,Hoover
2000 Riverchase Galleria ,Hoover
Montgomery Hwy,Hoover
4000 Grand Ave ,Hoover
Ross Bridge Prkwy,Hoover
611 Doug Baker Blvd,Hoover
4601 Southlake Prkwy ,Hoover
1817 Montgomery Hwy,Hoover
180 Inverness Plaza,Hoover
104 Inverness Center ,Hoover
3000 Riverchase Galleria ,Hoover
424 Emery Dr,Hoover
Village Green Way,Hoover
1646 Montgomery Hwy,Hoover
1715 Montgomery Hwy,Hoover
2539 John Hawkins Prkwy ,Hoover
2891 Allison-Bonnett Memorial Dr,Hueytown
Brooklane Industrial Park,Hueytown
3025 Allison-Bonnett Memorial Dr,Hueytown
2891 Allison-Bonnett Memorial Dr,Hueytown 
508 Forest Rd ,Hueytown 
4851 15th St Rd,Hueytown 
3399 Davey Allison Blvd ,Hueytown 
104 River Square Plaza,Hueytown 
,Huntsville
,Huntsville
11909 S Memorial Prkwy ,Huntsville
,Huntsville
Quality Circle Warehouse ,Huntsville
Jetplex Indusrial Park - Lot 2 ,Huntsville
,Huntsville
365 The Bridge St,Huntsville
9020 Bailey Cove Rd SE,Huntsville
,Huntsville
5025 Bradford Dr,Huntsville
4905 Moores Mill Rd,Huntsville
2722 Carl T Jones Dr SE,Huntsville
4725 University Dr ,Huntsville
5901 University Dr ,Huntsville
6500 Fedex Way,Madison
930 Old Monrovia Rd NW ,Huntsville
450 Old Hwy 431,Huntsville
,Huntsville
,Huntsville
2550 Short Pike Rd ,Huntsville
4040 Independence Dr NW ,Huntsville
5901 University Dr ,Huntsville
5901 University Dr ,Huntsville
5901 University Dr ,Huntsville
5901 University Dr ,Huntsville
5901 University Dr ,Huntsville
5901 University Dr ,Huntsville
5901 University Dr ,Huntsville
5901 University Dr ,Huntsville
5901 University Dr ,Huntsville
5901 University Dr ,Huntsville
5901 University Dr ,Huntsville
6886 Govenors W Suite 116,Huntsville
,Huntsville
,Huntsville
Marshall Space Flight Ctr,Huntsville
340 The Bridge St,Huntsville
655 Discovery Dr NW ,Huntsville
6140 University Dr,Huntsville
,Huntsville
4000 S Memorial Prkwy,Huntsville
702 Pratt Ave NE,Huntsville
930 Franklin St,Huntsville
301 Governors Dr SE ,Huntsville
301 Governors Dr SE ,Huntsville
301 Governors Dr SE ,Huntsville
700 Monroe St SW,Huntsville
2784 Carl T Jones Dr SE,Huntsville
274 Sutton Rd,Huntsville
2004 Max Luther Dr,Huntsville
300 Franklin St SE ,Irondale
300 Franklin St SE ,Irondale
2620 Commerce Square Dr,Irondale
1605 Alton Rd,Birmingham 
1605 Alton Rd,Birmingham 
,Irondale
402 28th St S,Irondale
,Irondale
Commerce Square Business Park ,Irondale
2567 Ruffner Rd ,Birmingham 
1531 Alton Rd,Irondale 
1874 Grants Mill Rd,Irondale 
1847 Crestwood Blvd,Irondale 
4816 Sharpburg Dr,Irondale 
5817 Old Leeds Rd ,Birmingham 
4900 Alton Court ,Irondale 
,Irondale 
2750 Crestwood Blvd ,Irondale 
2750 Crestwood Blvd ,Irondale 
2750 Crestwood Blvd ,Irondale 
2501 1st Avenue S ,Irondale 
2451 1st Avenue S ,Irondale 
3000 Commerce Square S ,Irondale 
,Jacksonville
1701 Pelham Rd S,Jacksonville
410 Wilson Dr SW ,Jacksonville
1701 Pelham Rd S,Jacksonville 
311 Pelham Rd S,Jacksonville 
745 Russell Dairy Rd ,Jasper
745 Russell Dairy Rd ,Jasper
1411 Indiana Ave ,Jasper
1411 Indiana Ave ,Jasper
714 Hwy 78 E,Jasper
299 Carl Cannon Blvd ,Jasper
265 Curry Rd,Jasper
3315 Industrial Way ,Jasper
3315 Industrial Way ,Jasper
3315 Industrial Way ,Jasper
714 Hwy 78,Jasper
714 Hwy 78,Jasper
Old Bankhead Hwy,Jasper
680 Hwy 78 E ,Jasper
Old Parish Hwy,Jasper
,Jasper
331 25th St W,Jasper
100 29th St E,Jasper
100 N Airport Rd ,Jasper
100 N Airport Rd ,Jasper
3400 Hwy 78 ,Jasper
1801 Hwy 78 E ,Jasper
1801 Hwy 78 E ,Jasper
1801 Hwy 78 E ,Jasper
1801 Hwy 78 E ,Jasper
1801 Hwy 78 E ,Jasper
2405 US Hwy 78 E,Jasper
2400 Acton Rd,Birmingham 
5990 McAshan Dr,McCalla 
River Village Offices,Jefferson County
2550 Acton Rd,Birmingham 
4801 Indian Trl,Center Point
5705 S Chalkville Rd ,Birmingham 
6775 Jefferson Metropolitan Pkwy ,McCalla 
Jefferson Metropolitan Park ,Jefferson County 
3700 Industrial Pkwy,Jefferson County 
2027 Stonecrest Dr,Birmingham 
,Jefferson County 
Jefferson Metropolitan Park ,Jefferson County 
3800 Colonnade Prkwy ,Birmingham 
7161 Lowetown Rd,McCalla 
2550 Acton Rd,Birmingham 
2550 Acton Rd,Birmingham 
2870 Acton Rd,Jefferson County 
,Jefferson County 
Jefferson City ,Jefferson County 
149 1st Ave ,Jemison
200 N Pine Hill Rd,Birmingham 
8350 Warrior-Kimberly Rd,Kimberly
,Kimberly 
1709 Dunavant Rd SE,Leeds
1081 Park Dr ,Leeds
7710 Parkway Dr,Leeds
7710 Parkway Dr,Leeds
7710 Parkway Dr,Leeds
1650 Maxey Dr ,Leeds
Hwy 78 & Olympia ,Leeds
6200 Grand River Prkwy ,Leeds
6200 Grand River Prkwy ,Leeds
6200 Grand River Prkwy ,Leeds
6200 Grand River Prkwy ,Leeds
6200 Grand River Prkwy ,Leeds
6200 Grand River Prkwy ,Leeds
6200 Grand River Prkwy ,Leeds
6200 Grand River Prkwy ,Leeds
6200 Grand River Prkwy ,Leeds
6200 Grand River Prkwy ,Leeds
6200 Grand River Prkwy ,Leeds
6200 Grand River Prkwy ,Leeds
6200 Grand River Prkwy ,Leeds
6200 Grand River Prkwy ,Leeds
6200 Grand River Prkwy ,Leeds
6200 Grand River Prkwy ,Leeds
6200 Grand River Prkwy ,Leeds
6200 Grand River Prkwy ,Leeds
6200 Grand River Prkwy ,Leeds
6200 Grand River Prkwy ,Leeds
6200 Grand River Prkwy ,Leeds
6200 Grand River Prkwy ,Leeds
6200 Grand River Prkwy ,Leeds
6200 Grand River Prkwy ,Leeds
6200 Grand River Prkwy ,Leeds
6200 Grand River Prkwy ,Leeds
6200 Grand River Prkwy ,Leeds
6200 Grand River Prkwy ,Leeds
6200 Grand River Prkwy ,Leeds
6200 Grand River Prkwy ,Leeds
6200 Grand River Prkwy ,Leeds
6200 Grand River Prkwy ,Leeds
6200 Grand River Prkwy ,Leeds
6200 Grand River Prkwy ,Leeds
6200 Grand River Prkwy ,Leeds
6200 Grand River Prkwy ,Leeds
6200 Grand River Prkwy ,Leeds
6200 Grand River Prkwy ,Leeds
6200 Grand River Prkwy ,Leeds
6200 Grand River Prkwy ,Leeds
6200 Grand River Prkwy ,Leeds
6200 Grand River Prkwy ,Leeds
6200 Grand River Prkwy ,Leeds
6200 Grand River Prkwy ,Leeds
6200 Grand River Prkwy ,Leeds
6200 Grand River Prkwy ,Leeds
6200 Grand River Prkwy ,Leeds
6200 Grand River Prkwy ,Leeds
6200 Grand River Prkwy ,Leeds
6200 Grand River Prkwy ,Leeds
6200 Grand River Prkwy ,Leeds
6200 Grand River Prkwy ,Leeds
6200 Grand River Prkwy ,Leeds
806 Lawley Ave NE,Leeds
,Leeds
405 Industrial Blvd,Leesburg
400 Industrial Blvd,Leesburg
405 Industrial Blvd,Leesburg 
101 Industrial Dr,Lincoln
320 Ace St,Lineville
320 Ace St,Lineville
88073 AL-9,Lineville
,Lynn
PO Box 98,Lynn
8050 Hwy 72 W,Madison
8050 Hwy 72 W,Madison
Spencer Square Shopping Center,Madison
401 Lanier Rd ,Madison
7504 US Hwy 72 W,Madison
,Madison
,Madison
900 Woodland Circ,Odenville
7555 Dickey Springs Rd,Bessemer
4736 Eastern Valley Rd ,Bessemer
6600 Jefferson Metro Prkwy ,McCalla 
6600 Jefferson Metropolitan Pkwy ,McCalla 
6600 Jefferson Metro Prkwy ,McCalla 
6775 Jefferson Metropolitan Pkwy ,McCalla 
6775 Jefferson Metropolitan Pkwy ,McCalla 
6775 Jefferson Metropolitan Pkwy ,McCalla 
6600 Jefferson Metro Prkwy ,McCalla 
12290 US-231 ,Meridianville
12290 US-231 ,Meridianville
12290 US-231 ,Meridianville
12290 US-231 #431 ,Meridianville
12290 US-231 #431 ,Meridianville
3011 Cobbs Ford Rd,Millbrook
14715 AL-96,Millport
4055 Cottage Hill Rd,Mobile
522 Pike St,Monroeville
1523 Cobblestone Ln,Montevallo
75 College Dr,Montevallo
75 College Dr,Montevallo
75 College Dr,Montevallo
845 Main St,Montevallo
,Montevallo
930 Bloch St ,Montevallo
75 College Dr,Montevallo
710 N Boundary St ,Montevallo 
700 Main St,Montevallo 
611 E Boundry St,Montevallo 
4000 Alabama 25,Montevallo 
5187 Selma Hwy ,Montgomery
474 S Court St,Montgomery
2001 Eastern Blvd ,Montgomery
2001 Eastern Blvd ,Montgomery
5544 Atlanta Hwy,Montgomery
9168 Eastchase Prkwy ,Montgomery
3447 McGehee Rd ,Montgomery
4000 Richard E. Hanan Dr. ,Montgomery
2660 Eastchase Ln # 300,Montgomery
2660 Eastchase Ln ,Montgomery
2660 Eastchase Ln # 400,Montgomery
1021 Eastdale Mall ,Montgomery
1500 Eastdale Mall,Montgomery
2660 Eastchase Ln #200 ,Montgomery
Hampstead High St,Montgomery
700 Hyundai Blvd ,Montgomery
2660 Eastchase Ln #100 ,Montgomery
200 Folmer Pkwy ,Montgomery
200 Folmer Pkwy ,Montgomery
1001 Adams Ave,Montgomery
7880 Vaughn Rd,Montgomery
7480 Halcyon Poine Dr,Montgomery
Montgomery Shopping Center ,Montgomery
2730 Eastern Blvd,Montgomery
2828 Moody Prkwy,Moody
1005 Crossroad Plaza Dr,Moody
2515 US-78 ,Moody
2515 US-78 ,Moody
2515 US-78 ,Moody
2545 US-78 ,Moody
1005 Crossroad Plaza Dr,Moody
2575 US-78 ,Moody
2912 Kelly Creek Rd,Moody
2515 US-78 ,Moody
11707 AL-157,Moulton
39750 AL-69,Moundville
12982 Cracker Rd,Moundville
12982 Cracker Rd,Moundville
12982 Cracker Rd,Moundville
12982 Cracker Rd,Moundville
2418 Montevallo Rd,Mountain Brook
780 Brookwood Village ,Birmingham 
3579 E St,Mountain Brook
3918 Montclair Rd,Mountain Brook
11 Dexter Ave ,Mountain Brook
50 Oak St ,Mountain Brook
800 Shades Creek Pkwy,Mountain Brook
3631 Montevallo Rd ,Birmingham 
3001 Hwy 280,Birmingham 
,Mountain Brook
3650 Bethune Dr ,Mountain Brook
3650 Bethune Dr ,Mountain Brook
3650 Bethune Dr ,Mountain Brook
3141 Overton Rd ,Mountain Brook
,Mountain Brook
3650 Bethune Dr ,Mountain Brook
800 Shades Creek Pkwy ,Birmingham 
2721 A Cahaba Rd,Mountain Brook
2721 Cahaba Rd ,Mountain Brook
115 Olmsted St ,Birmingham 
519 W Avalon Ave ,Muscle Shoals
5101 Hwy 43 S,Muscle Shoals 
,Northport
US Hwy 82,Northport
2215 32nd St,Northport
2215 32nd St,Northport
2215 32nd St,Northport
4280 Mitt Lary Rd,Northport 
9320 AL-69  ,Northport 
1317 Martin Luther King Jr Blvd,Northport 
3721 26th Ave,Northport 
12175 Viewpoint Rd,Northport 
1 Bridge Ave ,Northport 
9765 Tom Taylor Rd,Northport 
3107 Lurleen B Wallace Blvd,Northport 
2700 Hospital Dr,Northport 
1100 7th Ave,Jasper
7818 Al Hwy 77,Ohatchee
Hwy 75,Oneonta
150 Gilbreath Dr Suite 2,Oneonta 
710 Columbus Prkwy ,Opelika
US Hwy 280 & 431,Opelika
25150 Canal Rd ,Orange Beach
25150 Canal Rd ,Orange Beach
25150 Canal Rd,Orange Beach
75 Donald G Homes Bypass ,Oxford
220 Leon Smith Prkwy ,Oxford
825 S Quintard Ave ,Oxford
301 Oxford Exchange Blvd,Oxford
115 Lott Rd,Oxford
900 Oxford Exchange Blvd ,Oxford
700 Quintard Avenue ,Oxford
700 Quintard Avenue ,Oxford
700 Quintard Avenue ,Oxford
700 Quintard Avenue ,Oxford
700 Quintard Avenue ,Oxford
700 Quintard Avenue ,Oxford
670 Aiport Rd ,Oxford
,Oxford
92 Plaza Ln ,Oxford
312 Bryan Dr ,Ozark
2000 Big Mountain Rd ,Pelham
100 Bishop Circle,Pelham
3080 Pelham Prkwy,Pelham
Business Center Dr,Pelham
450 Huntley Pkwy ,Pelham
100 Huntly Prkwy ,Pelham
Hwy 31 ,Pelham
3060 Pelham Prkwy,Pelham
581 Pelham Rd,Pelham
581 Pelham Rd,Pelham
581 Pelham Rd,Pelham
2760 Pelham Pkwy ,Pelham
333 Cahaba Valley Prkwy N,Pelham
2200 Commerce Circ ,Pelham
3150 Lee St,Pelham
3140 Pelham Pkwy,Pelham
3140 Pelham Pkwy,Pelham
3140 Pelham Pkwy,Pelham
3140 Pelham Pkwy,Pelham
3140 Pelham Pkwy,Pelham
1944 Montgomery Hwy S ,Pelham
2705 Pelham Pkwy ,Pelham
Valleydale Business Center,Pelham
3162 Pelham Pkwy ,Pelham
,Pelham
2724 Chandalar Place Dr ,Pelham
3170 Hwy 31 S ,Pelham
Valleydale Business Center,Pelham
Valleydale Business Center,Pelham
200 Southgate Dr ,Pelham
201 Parker Dr ,Pelham
1942-A Hwy 31 S ,Hoover
3140 Pelham Pkwy,Pelham
2020 Valleydale Rd ,Hoover
10 Crosscreek Trail,Pelham
2020 Valleydale Rd ,Pelham
109 Bamberg Dr,Pell City
109 Bamberg Dr,Pell City
505 Miles Pkwy Unit 3,Pell City
,Pell City
,Pell City
2208 Cogswell Avenue ,Pell City
599 Ed Garner Dr ,Pell City
613 Martin St N ,Pell City
613 Martin St N ,Pell City
3929 Miles Prkwy,Pell City
3929 Miles Prkwy,Pell City
3929 Miles Prkwy,Pell City
3929 Miles Prkwy,Pell City
3929 Miles Prkwy,Pell City
3929 Miles Prkwy,Pell City
3929 Miles Prkwy,Pell City
3929 Miles Prkwy,Pell City
3929 Miles Prkwy,Pell City
3929 Miles Prkwy,Pell City
2122 Cogswell Ave,Pell City
1115 Dowzer Avenue ,Pell City
Miles Prkwy,Pell City
1649 Martin St N,Pell City
5th Avenue  ,Piedmont
401 N Main St ,Piedmont
6623 Roe Chandler Rd,Pinson
6662 AL-75 #113,Pinson
Key Foods Group,Pinson
140 Goodrich Dr,Pinson
2730 Legends Pkwy ,Prattville
2767 Legends Pkwy ,Prattville
107 Jesse Samuel Hunt Blvd,Prattville
703 S Memorial Dr ,Prattville
701 E Main St ,Prattville
800 West Grand Ave,Rainbow City
800 West Grand Ave,Rainbow City
400 Hickman Street,Rainbow City
409 W Grand Ave ,Rainbow City
207 Hollingsworth Ave,Rainbow City
108 Rainbow Industrial Blvd,Rainbow City
200 Market Way,Rainbow City
200 Market Way,Rainbow City
623 W Grand Ave ,Rainbow City
110 Sutton Square #5 ,Rainbow City
4545 Rainbow Dr,Rainbow City
3331 Rainbow Dr,Rainbow City
189 RTI Drive ,Rainsville 
189 RTI Drive ,Rainsville 
189 RTI Drive ,Rainsville 
189 RTI Drive ,Rainsville 
189 RTI Drive ,Rainsville 
189 RTI Drive ,Rainsville 
189 RTI Drive ,Rainsville 
189 RTI Drive ,Rainsville 
189 RTI Drive ,Rainsville 
,Riverchase
,Roebuck
13150 Hwy 43,Russellville
Hwy 243,Russellville
24747 John T Reid Prkwy ,Scottsboro
435 Riverhills Business Park,Birmingham 
3039 Brook Highland Pkwy ,Birmingham 
430 Riverhill Business Park,Birmingham 
5724 Hwy 280 E,Birmingham 
455 Riverhills Business Park,Birmingham 
430 Riverhill Business Park,Birmingham 
200 Riverhill Business Park,Birmingham 
405 Riverhill Business Park,Birmingham 
405 Riverhill Business Park,Birmingham 
405 Riverhill Business Park,Birmingham 
5514 Double Oak Ln ,Birmingham 
405 Riverhill Business Park,Birmingham 
200 Riverhill Business Park,Birmingham 
4637 US-280 ,Birmingham 
4637 US-280 ,Birmingham 
405 Riverhill Business Park,Birmingham 
405 Riverhill Business Park,Birmingham 
4673 Hwy 280 E STE 7,Birmingham 
,Shelby County
Hwy 280,Shelby County
611 Doug Baker Blvd,Birmingham 
4496 Valleydale Rd,Birmingham 
3975 Hwy 77,Southside
26000 Bass Pro Dr,Spanish Fort
300 Springville Station Rd,Springville
300 Springville Station Rd,Springville
Highway 174,Springville
300 Springville Station Blvd ,Springville
Highway II,Springville
990 Duncan Farms Rd,Steele
1105 Steele Station Rd,Steele
275 1st St N ,Sumiton
502 W Lee Ave ,Summerdale 
5th St & Main St,Sylacauga
,Sylacauga 
501 E 3rd St,Sylacauga 
60 Bellview St,Talladega
565 E Renfroe Rd,Talladega
565 E Renfroe Rd,Talladega
565 E Renfroe Rd,Talladega
120 North St E ,Talladega
Industrial Access Rd ,Talladega
,Talladega
1209 Fort Lashley Ave,Talladega
3198 Speedway Blvd,Talladega
County Road 77,Talladega
200 Homer Rd,Talladega
200 Homer Rd,Talladega
200 Homer Rd,Talladega
Airport Industrtial Park,Talladega
Airport Industrtial Park,Talladega
26715 AL-21,Talladega
26715 AL-21,Talladega
565 E Renfroe Rd,Talladega
565 E Renfroe Rd,Talladega
,Talladega
565 E Renfroe Rd,Talladega
503 E Battle St ,Talladega
100 Johnson Ave S,Talladega
2190 Gilmer Ave,Tallassee
170 Cleage Dr,Birmingham 
,Tarrant
2401 Pinson Valley Prkwy ,Birmingham 
357 Record St,Triana 
,Trussvile 
5960 Chalkville Mountain Rd,Birmingham 
7595 Gadsden Hwy ,Trussvile 
Hwy 11 Suite 205 ,Trussvile 
7630 Commerce Lane ,Trussvile 
5890 Valley Rd,Birmingham 
5890 Valley Rd,Birmingham 
106 N Chalkville Rd,Trussvile 
,Trussvile 
218 Main St,Trussvile 
5915 Chalkville Mt Rd ,Birmingham 
,Trussvile 
1976 Gadsden Hwy ,Trussvile 
4735 Norrell Dr ,Trussvile 
4735 Norrell Dr ,Trussvile 
4735 Norrell Dr ,Trussvile 
4735 Norrel Dr Suite 1,Trussvile 
6110 Deerfoot Pkwy ,Trussvile 
285 Calumet Pl,Trussvile 
218 Main St,Trussvile 
1930 Hwy 11 ,Trussvile 
5471 Trussville Clay Rd ,Trussvile 
,Trussvile 
7101 Gadsden Hwy,Trussvile 
7769 Gadsden Hwy,Trussvile 
5940 Trussville Crossings Prkwy ,Trussvile 
Morrow Rd,Trussvile 
1616 Gadsden Hwy Suite 106 ,Trussvile 
7015 Haisten Dr,Trussvile 
128 N Chalkville Rd ,Trussvile 
,Trussvile 
1976 Gadsden Hwy ,Trussvile 
1976 Gadsden Hwy ,Trussvile 
132 14th Ave NE,Tuscaloosa
8th St & 13th Ave ,Tuscaloosa
115 Roward-Johnson Hall ,Tuscaloosa
704 13th St,Tuscaloosa
7601 R Cardinal Airport Rd,Tuscaloosa
1349 McFarland Blvd E,Tuscaloosa
70 Skyland Blvd,Tuscaloosa
570 60th St ,Tuscaloosa
1101 Southview Ln ,Tuscaloosa
301 Helen Keller Blvd ,Tuscaloosa
510 12th St,Tuscaloosa
4715 Rice Mine Rd NE,Tuscaloosa
809 University Blvd E,Tuscaloosa
4602 Stillman Blvd ,Tuscaloosa
4602 Stillman Blvd,Tuscaloosa
245 7th Avenue,Tuscaloosa
1806 6th St,Tuscaloosa
1735 Skyland Blvd,Tuscaloosa
1735 Skyland Blvd,Tuscaloosa
Box 263 Johnson Rd,Tuscaloosa
,Tuscaloosa
1112 Hargrove Rd ,Tuscaloosa
4101 Andrews St ,Tuscaloosa
4101 Andrews St ,Tuscaloosa
2209 9th St ,Tuscaloosa
2209 9th St ,Tuscaloosa
Rivermont Office Park,Tuscaloosa
14598 S Rosser Rd,Tuscaloosa
2139 4th St ,Tuscaloosa
1010 19th Avenue E,Tuscaloosa
125 Kicker Rd NE ,Tuscaloosa
1402 6th St,Tuscaloosa
601 Jefferson Ave,Tuscaloosa
4900 Oscar Baxter Dr,Tuscaloosa
4900 Oscar Baxter Dr,Tuscaloosa
6100 Old Greensboro Rd ,Tuscaloosa
6100 Old Greensboro Rd ,Tuscaloosa
2600 McFarland Blvd E Suite J ,Tuscaloosa
305 21st Ave,Tuscaloosa
5101 21st St,Tuscaloosa
3800 Culver Rd,Tuscaloosa
3100 Yacht Club Way NE,Tuscaloosa
1300 21st St E,Tuscaloosa
Rise Mine Rd ,Tuscaloosa
1700 Holt Rd NE,Tuscaloosa
,Tuscaloosa
2712 McFarland Blvd E,Tuscaloosa
1190 University Blvd ,Tuscaloosa
3200 Rice Mine Rd NE ,Tuscaloosa
3200 Rice Mine Rd NE ,Tuscaloosa
915 16th Ave E ,Tuscaloosa
501 Rice Valley Rd N ,Tuscaloosa
311 Merchants Walk,Tuscaloosa
4851 Rice Mine Rd NE,Tuscaloosa
5091 Jug Factory Rd,Tuscaloosa
1516 Skyland Blvd E,Tuscaloosa
2301 Veterans Memorial Prkwy ,Tuscaloosa
820 12th Ave  ,Tuscaloosa
4851 Rice Mine Rd NE,Tuscaloosa
4851 Rice Mine Rd NE,Tuscaloosa
2810 35th St,Tuscaloosa
1426 Paul Bear Bryant Dr,Tuscaloosa
404 1/2 33rd Avenue ,Tuscaloosa
3550 Joe Mailsham Pkwy,Tuscaloosa
3550 Joe Mailsham Pkwy,Tuscaloosa
10300 Alabama Hwy 69 S,Tuscaloosa
6001 12th Ave E ,Tuscaloosa
6001 12th Ave E ,Tuscaloosa
3325 Skyland Blvd E ,Tuscaloosa
3150 9th Ct ,Tuscaloosa
960 University Blvd,Tuscaloosa
960 University Blvd,Tuscaloosa
425 Jefferson Ave,Tuscaloosa
245 7th Avenue,Tuscaloosa
751 Campus Dr W ,Tuscaloosa
1498 14th  Ave,Tuscaloosa
1498 14th  Ave,Tuscaloosa
503 6th Ave ,Tuscaloosa
Manly Hall ,Tuscaloosa
976 University Blvd,Tuscaloosa
901 University Blvd,Tuscaloosa
Mary Harmon Bryant Hall ,Tuscaloosa
990 University Blvd ,Tuscaloosa
3010 43rd Avenue ,Tuscaloosa
801 Campus Dr,Tuscaloosa
1701 McFarland Blvd E,Tuscaloosa
1701 McFarland Blvd E,Tuscaloosa
710 12th St,Tuscaloosa
712 12th St,Tuscaloosa
3701 Loop Rd,Tuscaloosa
3701 Loop Rd,Tuscaloosa
3701 Loop Rd,Tuscaloosa
3701 Loop Rd,Tuscaloosa
3701 Loop Rd,Tuscaloosa
1406 McFarland Blvd N Suite 2b ,Tuscaloosa
1501 Skyland Blvd ,Tuscaloosa
1031 13th St E,Tuscaloosa
US Hwy 29,Valley
,Valley
11180 Will Walker Road,Vance
11180 Will Walker Road,Vance
1 Mercedes Drive,Vance
1 Mercedes Drive,Vance
1 Mercedes Drive,Vance
1 Mercedes Drive,Vance 
1 Mercedes Drive,Vance 
1 Mercedes Drive,Vance 
1 Mercedes Drive,Vance 
1 Mercedes Drive,Vance 
1 Mercedes Drive,Vance 
1 Mercedes Drive,Vance 
1 Mercedes Drive,Vance 
1 Mercedes Drive,Vance 
1 Mercedes Drive,Vance 
1 Mercedes Drive,Vance 
1 Mercedes Drive,Vance 
1 Mercedes Drive,Vance 
1 Mercedes Drive,Vance 
1 Mercedes Drive,Vance 
1 Mercedes Drive,Vance 
1 Mercedes Drive,Vance 
1 Mercedes Drive,Vance 
1 Mercedes Drive,Vance 
1 Mercedes Drive,Vance 
1 Mercedes Drive,Vance 
1 Mercedes Drive,Vance 
1 Mercedes Drive,Vance 
744 Co Rd 87,Varnon
744 Co Rd 87,Varnon
435 12th St SW,Vernon
500 Olde Town Rd,Vestavia
521 Montgomery Hwy ,Vestavia Hills
521 Montgomery Hwy ,Vestavia Hills
Vestridge Commons ,Vestavia Hills
521 Montgomery Hwy ,Vestavia Hills
521 Montgomery Hwy ,Vestavia Hills
1090 Montgomery Hwy ,Vestavia Hills
2871 Acton Rd ,Vestavia Hills
2871 Acton Rd ,Vestavia Hills
2871 Acton Rd ,Vestavia Hills
2871 Acton Rd ,Vestavia Hills
Cahaba Valley Rd,Vestavia Hills
,Vestavia Hills
2000 Southlake Park ,Vestavia Hills
521 Montgomery Hwy ,Vestavia Hills
521 Montgomery Hwy ,Vestavia Hills
3037 Massey Rd,Birmingham 
613 Montgomery Hwy ,Vestavia Hills
3755 Corporate Woods Dr ,Birmingham 
1459 Montgomery Hwy ,Vestavia Hills
300 Royal Tower Dr ,Birmingham 
,Vestavia Hills
700 Montgomery Hwy ,Vestavia Hills
,Vestavia Hills
,Vestavia Hills
4237 Oak View Lane ,Vestavia Hills
1360 Montgomery Hwy ,Vestavia Hills
644 Montgomery Hwy   ,Vestavia Hills
4237 Oak View Lane ,Vestavia Hills
784 Montgomery Hwy,Vestavia Hills
521 Montgomery Hwy ,Vestavia Hills
4615 Jackson Loop,Vestavia Hills
644 Montgomery Hwy ,Vestavia Hills
3750 Corporate Woods Dr,Vestavia Hills
2385 Dolly Ridge Rd,Vestavia Hills
644 Montgomery Hwy   ,Vestavia Hills
644 Montgomery Hwy   ,Vestavia Hills
680 Montgomery Hwy   ,Vestavia Hills
612 Montgomery Hwy  ,Vestavia Hills
17051 Liberty Prkwy ,Vestavia Hills
2235 Lime Rock Rd ,Vestavia Hills
2235 Lime Rock Rd ,Vestavia Hills
Hwy 31 S  & Shades Crest Rd,Vestavia Hills
1360 Montgomery Hwy ,Vestavia Hills
1360 Montgomery Hwy ,Vestavia Hills
1360 Montgomery Hwy ,Vestavia Hills
1189 Allbritton Rd,Warrior
4898 Us Hwy 231 ,Wetumpka
31800 Co Rd 26 ,Wilsonville
31800 Co Rd 26 ,Wilsonville
31800 Co Rd 26 ,Wilsonville
9851 S Main St ,Wilsonville
,
,
,
,
,
,
,
,
,
,
,
,
,
,
,
,
,
,
,
,
,
,
,
,
,
,
,
,
,
,
,
,
,
,
,
,
,
,
,
,
,
,
,
,
,
,
,
,
,
,
,
,
,
,
,
,
,
,
,
,
,
,
,
,
,
,
,
,
,
,
,
,
,
,
,
,
,
,
,
,
,
,
,
,
,
,
,
,
,
,
,
,
,
,
,
,
,
,
,
,
,
,
,
,
,
,
,
,
,
,
,
,
,
,
,
,
,
,
,
,
,
,
,
,
,
,
,
,
,
,
,
,
,
,
,
,
,
,
,
,
,
,
,
,
,
,
,
,
,
,
,
,
,
,
,
,
,
,
,
,
,
,
,
,
,
,
,
,
,
,
,
,
,
,
,
,
,
,
,
,
,
,
,
,
,
,
,
,
,
,
,
,
,
,
,
,
,
,
,
,
,
,
,
,
,
,
,
,
,
,
,
,
,
,
,
,
,
,
,
,
,
,
,
,
,
,
,
,
,
,
,
,
,
,
,
,
,
,
,
,
,
,
,
,
,
,
,
,
,
,
,
,
,
,
,
,
,
,
,
,
,
,
,
,
,
,
,
,
,
,
,
,
,
,
,
,
,
,
,
,
,
,
,
,
,
,
,
,
,
,
,
,
,
,
,
,
,
,
,
,
,
,
,
,
,
,
,
,
,
,
,
,
,
,
,
,
,
,
,
,
,
,
,
,
,
,
,
,
,
,
,
,
,
,
,
,
,
,
,
,
,
,
,
,
,
,
,
,
,
,
,
,
,
,
,
,
,
,
,
,
,
,
,
,
,
,
,
,
,
,
,
,
,
,
,
,
,
,
,
,
,
,
,
,
,
,
,
,
,
,
,
,
,
,
,
,
,
,
,
,
,
,
,
,
,
,
,
,
,
,
,
,
,
,
,
,
,
,
,
,
,
,
,
,
,
,
,
,
,
,
,
,
,
,
,
,
,
,
,
,
,
,
,
,
,
,
,
,
,
,
,
,
,
,
,
,
,
,
,
,
,
,
,
,
,
,
,
,
,
,
,
,
,
,
,
,
,
,
,
,
,
,
,
,
,
,
,
,
,
,
,
,
,
Renfroe Rd ,Talladega
7th Avenue 21st St N,Birmingham
,Anniston 
,Ashville
,Montevallo
,Birmingham
,Birmingham
